{"sections":{"dd32eddb-c1d7-44d1-b3da-aae2d992634c":{"type":"gallery-carousel","blocks":{"template--16809123774757__dd32eddb-c1d7-44d1-b3da-aae2d992634c-1667812205906f8cf0-0":{"type":"image","settings":{"heading":"High Heel Ankle Boots","subheading":"$69.00 OFF","image":"shopify:\/\/shop_images\/Hb4e8e8a8da5a42bbad73f173b2f8938dq.jpg","link":"shopify:\/\/products\/ankle-boots-night-club-party-dancing-shoes-with-20cm-high-heel-platform"}},"59cc9db1-df6b-4887-af7e-52ca957e0515":{"type":"image","settings":{"heading":"Bold and Stylish","subheading":"$86.00 OFF","image":"shopify:\/\/shop_images\/bold-and-stylish-african-mens-slim-fit-two-piece-set-for-the-modern-gentleman-738929.jpg","link":"shopify:\/\/products\/african-mens-slim-fashion-two-piece"}},"template--16809123774757__dd32eddb-c1d7-44d1-b3da-aae2d992634c-1667812205906f8cf0-1":{"type":"image","settings":{"heading":"Sexy  Beach Dress","subheading":"$22.00 OFF","image":"shopify:\/\/shop_images\/sexy-printed-beach-plus-size-dress-474632.jpg","link":"shopify:\/\/products\/sexy-printed-beach-plus-size-dress"}},"4f24b599-044a-4124-8d61-11b1fb598422":{"type":"image","settings":{"heading":"Crocodile Leather","subheading":"$21.00 OFF","image":"shopify:\/\/shop_images\/S0066a231e35945fca13866b1b4899a52j.jpg","link":"shopify:\/\/products\/retro-crocodile-leather-oxford-shoes-mens-casual-elegance-for-spring-and-autumn"}},"template--16809123774757__dd32eddb-c1d7-44d1-b3da-aae2d992634c-1667812205906f8cf0-2":{"type":"image","settings":{"heading":"Men's Business Suits","subheading":"$66.00 OFF","image":"shopify:\/\/shop_images\/Business_Suit-resized.jpg","link":"shopify:\/\/products\/high-quality-mens-business-suits"}}},"block_order":["template--16809123774757__dd32eddb-c1d7-44d1-b3da-aae2d992634c-1667812205906f8cf0-0","59cc9db1-df6b-4887-af7e-52ca957e0515","template--16809123774757__dd32eddb-c1d7-44d1-b3da-aae2d992634c-1667812205906f8cf0-1","4f24b599-044a-4124-8d61-11b1fb598422","template--16809123774757__dd32eddb-c1d7-44d1-b3da-aae2d992634c-1667812205906f8cf0-2"],"settings":{"enable_fullwidth":true,"heading":"","heading_size":"h2","gallery_style":"auto-slide","slide_direction":"right","image_style":"circle","image_size":"small","text_alignment":"center","enable_image_animation":true,"image_crop":false,"image_background":true,"bgcolor":"primary","section_visibility":"always","top_space_desktop":30,"bottom_space_desktop":30,"top_space_mobile":30,"bottom_space_mobile":30}},"main-collection":{"type":"main-collection","settings":{"collection_title":false,"collection_description":false,"pagination_type":"paged","products_per_page":16,"enable_filtering":true,"filters_layout":"sidebar","enable_sorting":true,"enable_display_options":true,"collection_image":false,"banner_height_desktop":"auto","banner_height_mobile":"auto","bgcolor":"#f8f8f8","textcolor":"#000000"}},"8231b1f4-8107-414d-9432-3a48f23e000d":{"type":"text-with-icons","blocks":{"template--16809123774757__8231b1f4-8107-414d-9432-3a48f23e000d-166781443747b75229-0":{"type":"column","settings":{"icon":"support","heading":"Customer Support","subtext":"We have a support staff on duty."}},"template--16809123774757__8231b1f4-8107-414d-9432-3a48f23e000d-166781443747b75229-1":{"type":"column","settings":{"icon":"shipping","heading":"Fast & Free Shipping","subtext":"Free delivery on all purchases."}},"template--16809123774757__8231b1f4-8107-414d-9432-3a48f23e000d-166781443747b75229-2":{"type":"column","settings":{"icon":"secure","heading":"Secured Payment","subtext":"All transactions are securely handled."}},"template--16809123774757__8231b1f4-8107-414d-9432-3a48f23e000d-166781443747b75229-3":{"type":"column","settings":{"icon":"refund","heading":"Easy 30-days Returns","subtext":"We have a 30-day return policy"}}},"block_order":["template--16809123774757__8231b1f4-8107-414d-9432-3a48f23e000d-166781443747b75229-0","template--16809123774757__8231b1f4-8107-414d-9432-3a48f23e000d-166781443747b75229-1","template--16809123774757__8231b1f4-8107-414d-9432-3a48f23e000d-166781443747b75229-2","template--16809123774757__8231b1f4-8107-414d-9432-3a48f23e000d-166781443747b75229-3"],"settings":{"column_background":false,"mobile_column_count":"1","icon_background":false,"icon_position":"top","bgcolor":"secondary","column_background_color":"","icon_background_color":"","section_visibility":"always","top_space_desktop":30,"bottom_space_desktop":30,"top_space_mobile":30,"bottom_space_mobile":30}}},"order":["dd32eddb-c1d7-44d1-b3da-aae2d992634c","main-collection","8231b1f4-8107-414d-9432-3a48f23e000d"]}