{"sections":{"b7ac5ccd-a8ff-43af-9bff-d398b93c4362":{"type":"slider","blocks":{"093308ec-5a07-42a5-b2aa-e44479115be4":{"type":"slide","settings":{"image":"shopify:\/\/shop_images\/57be518788fdfff2b840fc9aab0503e0.jpg","videofile":"","banner_subtitle":"Your One-Stop Destination for Chic and Trendy Styles!","banner_title":"\"Welcome to NHIMAX Fashion Store''","banner_desc":"","desktop_title_size":74,"mobile_title_size":36,"button_size":"default","button_text":"Shop Now","button_link":"shopify:\/\/collections","button_text2":"View All","button_link2":"shopify:\/\/collections\/all","button2_alternate":true,"desktop_content_position":"d-center-left","mobile_content_position":"m-center","title_color":"#ffffff","subtitle_color":"#000000","subtitle_bgcolor":"#ffffff","desc_color":"#000000","btn_bg":"#000000","btn_text":"#ffffff","btn_border":"#000000","overlay_color":"","overlay_opacity":50,"title_color_m":"#000000","subtitle_color_m":"#000000","subtitle_bgcolor_m":"#dcdcdc","desc_color_m":"#000000","btn_bg_m":"#000000","btn_text_m":"#ffffff","btn_border_m":"#ffffff","overlay_color_m":"","overlay_opacity_m":50}},"6a0fc043-132e-47a9-9531-f9ff98c79671":{"type":"slide","settings":{"image":"shopify:\/\/shop_images\/0695ab20b19205fafb3d61ee1df5c832.jpg","videofile":"","banner_subtitle":"Nhimax - Where Fashion Meets Elegance!\"","banner_title":"\"Discover Your Signature Style at NHIMAX Fashion Store","banner_desc":"","desktop_title_size":50,"mobile_title_size":36,"button_size":"default","button_text":"","button_link":"shopify:\/\/collections\/all","button_text2":"Shop Now","button_link2":"shopify:\/\/collections\/all","button2_alternate":true,"desktop_content_position":"d-center-left","mobile_content_position":"m-center","title_color":"#ffffff","subtitle_color":"#000000","subtitle_bgcolor":"#ffffff","desc_color":"#000000","btn_bg":"#000000","btn_text":"#ffffff","btn_border":"#000000","overlay_color":"","overlay_opacity":28,"title_color_m":"#ffffff","subtitle_color_m":"#000000","subtitle_bgcolor_m":"#dcdcdc","desc_color_m":"#ffffff","btn_bg_m":"#ffffff","btn_text_m":"#000000","btn_border_m":"#ffffff","overlay_color_m":"","overlay_opacity_m":30}}},"block_order":["093308ec-5a07-42a5-b2aa-e44479115be4","6a0fc043-132e-47a9-9531-f9ff98c79671"],"settings":{"nav_style":"arrows-top-left","content_below_image":false,"rotate":false,"interval":5,"desktop_height":"750px","mobile_height":"550px","bgcolor":"primary"}},"44837886-0c70-48e1-92a6-429479c4bee0":{"type":"rotating-text","settings":{"text1":"<p>Discover Your style at <strong>Nhimax<\/strong><\/p>","text2":"<p>Enjoy 20% Off Your First Purchase! <strong>Shop Now<\/strong><\/p>","row1_font_family":"--heading-font-family","row2_font_family":"--font-family","row1_direction":"left","row2_direction":"right","heading_font_size":48,"subheading_font_size":24,"heading_font_size_m":18,"subheading_font_size_m":16,"section_border":true,"bgcolor":"#ffffff","bg_gradient_color":"","text1color":"#004aad","outlinetext1color":"#df6316","text2color":"#df6316","outlinetext2color":"#004aad","section_visibility":"always","top_space_desktop":10,"bottom_space_desktop":10,"top_space_mobile":15,"bottom_space_mobile":15}},"a96a7245-c763-4ca9-892e-12780c8f2dc9":{"type":"collage","blocks":{"e5ff2aef-ba95-4c9e-8e3f-dd72458b9d05":{"type":"image","settings":{"image_width":"col-md-4","heading":"Heading","subheading":"Sub heading","link":"","btn_text":"","outline_button":false,"heading_size":"h2","button_size":"xsmall","content_width":"medium","heading_size_m":"h2","button_size_m":"xsmall","content_width_m":"medium","overlayopacity":0,"desktop_content_position":"d-center","mobile_content_position":"m-center","overlaycolor":"rgba(0,0,0,0)","textcolor":"#000000","button_text_color":"#ffffff","button_bg_color":"#000000","button_border_color":"#000000"}},"cb571fed-5881-4211-b2a8-8af441cd3156":{"type":"image","settings":{"image_width":"col-md-4","heading":"Heading","subheading":"Sub heading","link":"","btn_text":"","outline_button":false,"heading_size":"h2","button_size":"xsmall","content_width":"medium","heading_size_m":"h2","button_size_m":"xsmall","content_width_m":"medium","overlayopacity":0,"desktop_content_position":"d-center","mobile_content_position":"m-center","overlaycolor":"rgba(0,0,0,0)","textcolor":"#000000","button_text_color":"#ffffff","button_bg_color":"#000000","button_border_color":"#000000"}},"46d419dd-e0b2-4e96-9658-98c38ff0e1a6":{"type":"image","settings":{"image_width":"col-md-4","heading":"Heading","subheading":"Sub heading","link":"","btn_text":"","outline_button":false,"heading_size":"h2","button_size":"xsmall","content_width":"medium","heading_size_m":"h2","button_size_m":"xsmall","content_width_m":"medium","overlayopacity":0,"desktop_content_position":"d-center","mobile_content_position":"m-center","overlaycolor":"#000000","textcolor":"#000000","button_text_color":"#ffffff","button_bg_color":"#000000","button_border_color":"#000000"}},"55852e55-9f01-474d-9e5f-d6cc67deb68c":{"type":"image","settings":{"image_width":"col-md-4","heading":"Heading","subheading":"Sub heading","link":"","btn_text":"","outline_button":false,"heading_size":"h2","button_size":"xsmall","content_width":"medium","heading_size_m":"h2","button_size_m":"xsmall","content_width_m":"medium","overlayopacity":0,"desktop_content_position":"d-center","mobile_content_position":"m-center","overlaycolor":"rgba(0,0,0,0)","textcolor":"#000000","button_text_color":"#ffffff","button_bg_color":"#000000","button_border_color":"#000000"}},"66d90dc6-1520-4a47-92d2-636ad7f776bd":{"type":"image","settings":{"image_width":"col-md-8","heading":"Heading","subheading":"Sub heading","link":"","btn_text":"","outline_button":false,"heading_size":"h2","button_size":"xsmall","content_width":"medium","heading_size_m":"h2","button_size_m":"xsmall","content_width_m":"medium","overlayopacity":0,"desktop_content_position":"d-center","mobile_content_position":"m-center","overlaycolor":"rgba(0,0,0,0)","textcolor":"#000000","button_text_color":"#ffffff","button_bg_color":"#000000","button_border_color":"#000000"}}},"block_order":["e5ff2aef-ba95-4c9e-8e3f-dd72458b9d05","cb571fed-5881-4211-b2a8-8af441cd3156","46d419dd-e0b2-4e96-9658-98c38ff0e1a6","55852e55-9f01-474d-9e5f-d6cc67deb68c","66d90dc6-1520-4a47-92d2-636ad7f776bd"],"disabled":true,"settings":{"enable_fullwidth":false,"image_layout":"rounded","enable_image_animation":true,"image_radius_desktop":10,"image_radius_mobile":10,"heading_size":"h2","button_size":"xsmall","space_in_images":true,"image_spacing_desktop":10,"image_spacing_mobile":10,"bgcolor":"primary","section_visibility":"always","top_space_desktop":0,"bottom_space_desktop":20,"top_space_mobile":0,"bottom_space_mobile":0}},"b1b8d988-4e17-4ea4-b572-d48ab4274a76":{"type":"rich-text","blocks":{"template--20785836785953__b1b8d988-4e17-4ea4-b572-d48ab4274a76-richtext-1":{"type":"richtext","settings":{"heading":"ABOUT NHIMAX","content":"<p>At <strong>NHIMAX<\/strong>, we're more than just a fashion brand – we're a lifestyle. Our journey began with a passion for self-expression through clothing, and today, we are proud to be a leading name in the world of fashion. With a strong focus on making clothes that are well-made, stylish, and good for the environment, <strong>NHIMAX<\/strong> store offers a special selection of clothing. We have everything from everyday basics to eye-catching fashion items, designed to suit a variety of personal tastes and preferences.<\/p>"}}},"block_order":["template--20785836785953__b1b8d988-4e17-4ea4-b572-d48ab4274a76-richtext-1"],"settings":{"content_width":"container sm-container","content_alignment":"center","bgcolor":"primary","section_visibility":"always","top_space_desktop":50,"bottom_space_desktop":0,"top_space_mobile":30,"bottom_space_mobile":30}},"9fe78f99-a723-4384-97f0-0ab9a53d574e":{"type":"featured-collections-carousel","blocks":{"template--16809124069669__9fe78f99-a723-4384-97f0-0ab9a53d574e-1667804924ee962633-0":{"type":"collection","settings":{"collection":"african","heading":"","subheading":"","headingcolor":"#000000","subheadingcolor":"#000000"}},"template--16809124069669__9fe78f99-a723-4384-97f0-0ab9a53d574e-1667804924ee962633-1":{"type":"collection","settings":{"collection":"mens-shoe","heading":"","subheading":"","headingcolor":"#000000","subheadingcolor":"#000000"}},"template--16809124069669__9fe78f99-a723-4384-97f0-0ab9a53d574e-1667804924ee962633-2":{"type":"collection","settings":{"collection":"womens-shoe","heading":"","subheading":"","headingcolor":"#000000","subheadingcolor":"#000000"}},"template--16809124069669__9fe78f99-a723-4384-97f0-0ab9a53d574e-1667804924ee962633-3":{"type":"collection","settings":{"collection":"african-women","heading":"","subheading":"","headingcolor":"#000000","subheadingcolor":"#000000"}}},"block_order":["template--16809124069669__9fe78f99-a723-4384-97f0-0ab9a53d574e-1667804924ee962633-0","template--16809124069669__9fe78f99-a723-4384-97f0-0ab9a53d574e-1667804924ee962633-1","template--16809124069669__9fe78f99-a723-4384-97f0-0ab9a53d574e-1667804924ee962633-2","template--16809124069669__9fe78f99-a723-4384-97f0-0ab9a53d574e-1667804924ee962633-3"],"settings":{"style":"style1","enable_fullwidth":true,"collections_per_row":3,"emphasize_center_image":true,"heading":"Explore NHIMAX's Collections","heading_size":"h2","subheading":"Trending  Collection","description":"Share information about your collection with customers. Describe a collection, make announcements related to your collection.","btntext":"View All","btnlink":"shopify:\/\/collections","button_size":"default","bgcolor":"primary","section_visibility":"always","top_space_desktop":40,"bottom_space_desktop":40,"top_space_mobile":35,"bottom_space_mobile":35}},"3cbbfa89-d25e-4de7-8bc3-53ff9de7e5b1":{"type":"gallery-carousel","blocks":{"template--16809124069669__3cbbfa89-d25e-4de7-8bc3-53ff9de7e5b1-166780006432774596-2":{"type":"image","settings":{"heading":"Long Sleeve Shirt","subheading":"$16.00 OFF","image":"shopify:\/\/shop_images\/brushed-long-sleeve-shirt-859815.jpg","link":"shopify:\/\/products\/brushed-long-sleeve-shirt"}},"template--16809124069669__3cbbfa89-d25e-4de7-8bc3-53ff9de7e5b1-166780006432774596-0":{"type":"image","settings":{"heading":"Lady's Sexy Laced","subheading":"$20.00 OFF","image":"shopify:\/\/shop_images\/Sf94157e81fa045879850aab98d576372B.jpg","link":"shopify:\/\/products\/ladys-sexy-laced-splash-gold-banquet-long-sleeved-dress"}},"template--16809124069669__3cbbfa89-d25e-4de7-8bc3-53ff9de7e5b1-166780006432774596-1":{"type":"image","settings":{"heading":"Dashiki Senator wear","subheading":"$24.00 OFF","image":"shopify:\/\/shop_images\/men-sets-kaftan-luxury-clothes-outfit-with-long-sleeve-shirts-pants-636262.jpg","link":"shopify:\/\/products\/mens-polyester-long-sleeve-shirt"}},"a5416519-39bd-4c3a-ae34-0891aa0488c1":{"type":"image","settings":{"heading":"Women Sequin Dress","subheading":"$20.00 OFF","image":"shopify:\/\/shop_images\/S819d6271b2a04149a83293736b5ef872r.jpg","link":"shopify:\/\/products\/women-sequin-dress-with-knee-length-o-neck-long-sleeved-cocktail-party"}}},"block_order":["template--16809124069669__3cbbfa89-d25e-4de7-8bc3-53ff9de7e5b1-166780006432774596-2","template--16809124069669__3cbbfa89-d25e-4de7-8bc3-53ff9de7e5b1-166780006432774596-0","template--16809124069669__3cbbfa89-d25e-4de7-8bc3-53ff9de7e5b1-166780006432774596-1","a5416519-39bd-4c3a-ae34-0891aa0488c1"],"settings":{"enable_fullwidth":true,"heading":"","heading_size":"h2","gallery_style":"auto-slide","slide_direction":"left","image_style":"circle","image_size":"small","text_alignment":"center","enable_image_animation":true,"image_crop":false,"image_background":true,"bgcolor":"primary","section_visibility":"always","top_space_desktop":20,"bottom_space_desktop":20,"top_space_mobile":0,"bottom_space_mobile":0}},"3666ad5c-9a57-4da8-85e3-51e692e12b68":{"type":"tabbed-collections","blocks":{"3f1b5a39-e0d5-4962-83be-68b24ecd6a52":{"type":"collection","settings":{"heading":"Trending Products","collection":"bikinis"}},"27f08415-0eea-44a2-911a-31930868b60d":{"type":"collection","disabled":true,"settings":{"heading":"","collection":""}}},"block_order":["3f1b5a39-e0d5-4962-83be-68b24ecd6a52","27f08415-0eea-44a2-911a-31930868b60d"],"settings":{"heading":"Collection Trending Product","heading_size":"h2","tabs_position":"right","tabs_alignment":"left-start","products_style":"carousel","products_per_row":5,"product_grid_radius_desktop":10,"product_grid_radius_mobile":10,"product_grid_spacing_desktop":10,"product_grid_spacing_mobile":10,"hide_tab_name":true,"show_tabs_border":true,"bgcolor":"primary","section_visibility":"always","top_space_desktop":40,"bottom_space_desktop":15,"top_space_mobile":15,"bottom_space_mobile":15}},"892e650b-bd66-447a-b397-5081a12a90e6":{"type":"featured-collection","settings":{"collection":"sweaters-hoodies-sport-wear-1","products_count":6,"slider_full_width":false,"product_as_stacked":true,"over_image_product":true,"product_grid_radius_desktop":10,"product_grid_radius_mobile":10,"product_grid_spacing_desktop":10,"product_grid_spacing_mobile":10,"heading":"All Products","heading_size":"h2","subheading":"Sweat suits & Sport Wears","collection_heading":"","hide_description":false,"collection_desc":"","bgcolor":"primary","collection_title_color":"#000000","collection_desc_color":"#000000","section_visibility":"always","top_space_desktop":35,"bottom_space_desktop":40,"top_space_mobile":5,"bottom_space_mobile":0}},"42e8f498-dcf5-4202-8783-84def3fc423e":{"type":"collage","blocks":{"template--16809124069669__42e8f498-dcf5-4202-8783-84def3fc423e-1667801289f4a3a907-0":{"type":"image","settings":{"image_width":"col-md-6","heading":"Heading","subheading":"Sub heading","link":"","btn_text":"","outline_button":false,"heading_size":"h2","button_size":"xsmall","content_width":"medium","heading_size_m":"h2","button_size_m":"xsmall","content_width_m":"medium","overlayopacity":50,"desktop_content_position":"d-center","mobile_content_position":"m-center","overlaycolor":"rgba(0,0,0,0)","textcolor":"#000000","button_text_color":"#ffffff","button_bg_color":"#000000","button_border_color":"#000000"}},"template--16809124069669__42e8f498-dcf5-4202-8783-84def3fc423e-1667801289f4a3a907-1":{"type":"image","settings":{"image_width":"col-md-6","heading":"Heading","subheading":"Sub heading","link":"","btn_text":"","outline_button":false,"heading_size":"h2","button_size":"xsmall","content_width":"medium","heading_size_m":"h2","button_size_m":"xsmall","content_width_m":"medium","overlayopacity":0,"desktop_content_position":"d-center","mobile_content_position":"m-center","overlaycolor":"rgba(0,0,0,0)","textcolor":"#000000","button_text_color":"#ffffff","button_bg_color":"#000000","button_border_color":"#000000"}}},"block_order":["template--16809124069669__42e8f498-dcf5-4202-8783-84def3fc423e-1667801289f4a3a907-0","template--16809124069669__42e8f498-dcf5-4202-8783-84def3fc423e-1667801289f4a3a907-1"],"disabled":true,"settings":{"enable_fullwidth":false,"image_layout":"sharp","enable_image_animation":true,"image_radius_desktop":10,"image_radius_mobile":10,"heading_size":"h2","button_size":"xsmall","space_in_images":true,"image_spacing_desktop":10,"image_spacing_mobile":10,"bgcolor":"primary","section_visibility":"always","top_space_desktop":45,"bottom_space_desktop":45,"top_space_mobile":35,"bottom_space_mobile":35}},"a1b176c3-f07e-4422-aca7-8c39a39d35db":{"type":"rotating-text","settings":{"text1":"<p>Upgrade Your Wardrobe With <strong>Nhimax<\/strong><\/p>","text2":"<p>Get Free Shipping On All Orders !!<\/p>","row1_font_family":"--heading-font-family","row2_font_family":"--font-family","row1_direction":"left","row2_direction":"right","heading_font_size":22,"subheading_font_size":18,"heading_font_size_m":18,"subheading_font_size_m":16,"section_border":false,"bgcolor":"#ffffff","bg_gradient_color":"","text1color":"#004aad","outlinetext1color":"#df6316","text2color":"#df6316","outlinetext2color":"#df6316","section_visibility":"always","top_space_desktop":0,"bottom_space_desktop":0,"top_space_mobile":15,"bottom_space_mobile":15}},"08a794cb-be09-40d3-9dae-24ba5188a73d":{"type":"testimonials","blocks":{"template--16809124069669__08a794cb-be09-40d3-9dae-24ba5188a73d-1667806302f1e7ea42-0":{"type":"quote","settings":{"rating":5,"message":"\"I absolutely love shopping at NHIMAX Fashion Land! Their clothing selection is not only trendy but also affordable. The customer service is top-notch, and I always leave with a smile on my face.\"","author":"Shanotare Michelle","author_city":"Los Angeles, CA, United States"}},"template--16809124069669__08a794cb-be09-40d3-9dae-24ba5188a73d-1667806302f1e7ea42-1":{"type":"quote","settings":{"rating":5,"message":"I recently purchased an office dress from NHIMAX store, and I'm thrilled with it. The dress combines elegant design with comfort, making it perfect for the office. Its high-quality material maintains its shape, and it's remarkably versatile, allowing me to create various looks.","author":"Justus Leo","author_city":"New York, NY, United States"}},"template--16809124069669__08a794cb-be09-40d3-9dae-24ba5188a73d-1667806302f1e7ea42-2":{"type":"quote","settings":{"rating":5,"message":"I recently purchased a women's sports bathing suit, and I'm thrilled with my choice. It offers a perfect blend of comfort and style, making it ideal for swimming and water sports. The fabric is durable, and the fit is just right. Highly recommended!","author":"Jonathan Mickelson","author_city":"Philadelphia, PA, United States"}},"template--16809124069669__08a794cb-be09-40d3-9dae-24ba5188a73d-1667806302f1e7ea42-3":{"type":"quote","settings":{"rating":5,"message":"\"Shopping at NHIMAX Fashion Land is always a pleasure. They offer a great mix of classic and trendy fashion items. The staff is knowledgeable about the latest fashion trends and provides excellent recommendations. It's my favorite place to update my wardrobe.\"","author":"Collette Freeman","author_city":"Dover, DE, United States"}}},"block_order":["template--16809124069669__08a794cb-be09-40d3-9dae-24ba5188a73d-1667806302f1e7ea42-0","template--16809124069669__08a794cb-be09-40d3-9dae-24ba5188a73d-1667806302f1e7ea42-1","template--16809124069669__08a794cb-be09-40d3-9dae-24ba5188a73d-1667806302f1e7ea42-2","template--16809124069669__08a794cb-be09-40d3-9dae-24ba5188a73d-1667806302f1e7ea42-3"],"settings":{"heading":"Don't take our word for it","heading_size":"h2","slider_style":"style2","column_count":"column1","nav_style":"dots","divider_top":false,"divider_bottom":false,"bgcolor":"quaternary","section_visibility":"always","top_space_desktop":60,"bottom_space_desktop":60,"top_space_mobile":45,"bottom_space_mobile":30}},"c7d8dd60-216e-493e-a1b2-9090433892e7":{"type":"featured-collections-banner","blocks":{"template--20785836785953__c7d8dd60-216e-493e-a1b2-9090433892e7-collection-1":{"type":"collection","settings":{"collection":"dresses","heading":"","description":""}},"template--20785836785953__c7d8dd60-216e-493e-a1b2-9090433892e7-collection-3":{"type":"collection","settings":{"collection":"shirts-1","heading":"","description":""}},"template--20785836785953__c7d8dd60-216e-493e-a1b2-9090433892e7-collection-4":{"type":"collection","settings":{"collection":"handbag","heading":"","description":""}}},"block_order":["template--20785836785953__c7d8dd60-216e-493e-a1b2-9090433892e7-collection-1","template--20785836785953__c7d8dd60-216e-493e-a1b2-9090433892e7-collection-3","template--20785836785953__c7d8dd60-216e-493e-a1b2-9090433892e7-collection-4"],"settings":{"desktop_height":"400px","mobile_height":"200px","heading_size":"h2","textcolor":"#ffffff","overlaycolor":"#000000","overlayopacity":20,"section_visibility":"always"}},"0b2c8e19-4da1-4cd8-88f9-0defb0d8316d":{"type":"featured-articles","blocks":{"template--16809124069669__0b2c8e19-4da1-4cd8-88f9-0defb0d8316d-166780673349d066bb-0":{"type":"article","settings":{"article":""}},"template--16809124069669__0b2c8e19-4da1-4cd8-88f9-0defb0d8316d-166780673349d066bb-1":{"type":"article","settings":{"article":""}},"template--16809124069669__0b2c8e19-4da1-4cd8-88f9-0defb0d8316d-166780673349d066bb-2":{"type":"article","settings":{"article":""}}},"block_order":["template--16809124069669__0b2c8e19-4da1-4cd8-88f9-0defb0d8316d-166780673349d066bb-0","template--16809124069669__0b2c8e19-4da1-4cd8-88f9-0defb0d8316d-166780673349d066bb-1","template--16809124069669__0b2c8e19-4da1-4cd8-88f9-0defb0d8316d-166780673349d066bb-2"],"disabled":true,"settings":{"overlay_content":false,"heading":"Add Blog posts here","button":"View all","link":"","bgcolor":"primary","section_visibility":"always","top_space_desktop":60,"bottom_space_desktop":60,"top_space_mobile":40,"bottom_space_mobile":40}},"241580ea-bd0e-4db7-b075-509b6cb71c9c":{"type":"newsletter","settings":{"heading":"Join Our Newsletter","description":"Sign up it only takes a second to be the news.","placeholder":"Email Address","btn":"Subscribe","bgcolor":"quaternary","button_text_color":"#ffffff","button_bg_color":"#000000","button_border_color":"#000000","section_visibility":"always","top_space_desktop":50,"bottom_space_desktop":50,"top_space_mobile":30,"bottom_space_mobile":30}},"9a1fe066-2f93-4cd9-9406-69df7c56cc79":{"type":"text-with-icons","blocks":{"template--16809124069669__9a1fe066-2f93-4cd9-9406-69df7c56cc79-16678017855c9a4f01-0":{"type":"column","settings":{"icon":"support","heading":"Customers Supports","subtext":"We have a support staff on duty."}},"template--16809124069669__9a1fe066-2f93-4cd9-9406-69df7c56cc79-16678017855c9a4f01-1":{"type":"column","settings":{"icon":"shipping","heading":"Fast & Free Shipping","subtext":"Free delivery on all purchases."}},"template--16809124069669__9a1fe066-2f93-4cd9-9406-69df7c56cc79-16678017855c9a4f01-2":{"type":"column","settings":{"icon":"secure","heading":"Secured Payment","subtext":"All transactions are securely handled"}},"template--16809124069669__9a1fe066-2f93-4cd9-9406-69df7c56cc79-16678017855c9a4f01-3":{"type":"column","settings":{"icon":"refund","heading":"Easy 30-days Returns","subtext":"We have a 30-day return policy"}}},"block_order":["template--16809124069669__9a1fe066-2f93-4cd9-9406-69df7c56cc79-16678017855c9a4f01-0","template--16809124069669__9a1fe066-2f93-4cd9-9406-69df7c56cc79-16678017855c9a4f01-1","template--16809124069669__9a1fe066-2f93-4cd9-9406-69df7c56cc79-16678017855c9a4f01-2","template--16809124069669__9a1fe066-2f93-4cd9-9406-69df7c56cc79-16678017855c9a4f01-3"],"settings":{"column_background":false,"mobile_column_count":"1","icon_background":false,"icon_position":"top","bgcolor":"primary","column_background_color":"","icon_background_color":"","section_visibility":"always","top_space_desktop":30,"bottom_space_desktop":30,"top_space_mobile":30,"bottom_space_mobile":30}}},"order":["b7ac5ccd-a8ff-43af-9bff-d398b93c4362","44837886-0c70-48e1-92a6-429479c4bee0","a96a7245-c763-4ca9-892e-12780c8f2dc9","b1b8d988-4e17-4ea4-b572-d48ab4274a76","9fe78f99-a723-4384-97f0-0ab9a53d574e","3cbbfa89-d25e-4de7-8bc3-53ff9de7e5b1","3666ad5c-9a57-4da8-85e3-51e692e12b68","892e650b-bd66-447a-b397-5081a12a90e6","42e8f498-dcf5-4202-8783-84def3fc423e","a1b176c3-f07e-4422-aca7-8c39a39d35db","08a794cb-be09-40d3-9dae-24ba5188a73d","c7d8dd60-216e-493e-a1b2-9090433892e7","0b2c8e19-4da1-4cd8-88f9-0defb0d8316d","241580ea-bd0e-4db7-b075-509b6cb71c9c","9a1fe066-2f93-4cd9-9406-69df7c56cc79"]}