{"sections":{"main":{"type":"main-list-collections","blocks":{"125e7862-aeec-495c-b678-95f08999d692":{"type":"collection","settings":{"collection":""}},"ac09ae0d-7167-4264-9775-1db83a3096d6":{"type":"collection","settings":{"collection":""}},"ee42f606-8fea-475a-afa4-4b57696a7b0d":{"type":"collection","settings":{"collection":""}}},"block_order":["125e7862-aeec-495c-b678-95f08999d692","ac09ae0d-7167-4264-9775-1db83a3096d6","ee42f606-8fea-475a-afa4-4b57696a7b0d"],"settings":{"title":"COLLECTIONS","collections_per_page":16,"show_collections":"all","sort":"date","banner_image":"shopify:\/\/shop_images\/personal-shopper-in-italia-il-turismo-dello-shopping.jpg","banner_height_desktop":"auto","banner_height_mobile":"auto","bgcolor":"#f3efec","textcolor":"#181818"}}},"order":["main"]}