{"type":"footer","name":"Footer Group","sections":{"footer":{"type":"footer","blocks":{"7f8888a0-c33a-407c-a7a4-b16c76cf5425":{"type":"link_list","settings":{"heading":"CUSTOMER SERVICE","menu":"footer"}},"59a36a52-3fb3-4ad2-b44b-fc555f5f7d02":{"type":"link_list","settings":{"heading":"SHOP","menu":"main-menu"}},"86421bd8-a313-4bf7-a109-b2ed476a3892":{"type":"link_list","disabled":true,"settings":{"heading":"Quick links","menu":"footer"}},"f84cfcb5-0145-4c11-ac10-d9a33a88e5c2":{"type":"link_list","disabled":true,"settings":{"heading":"Quick links","menu":"footer"}},"ea148cce-ea93-4530-b8b8-1c929e0d6d3c":{"type":"link_list","disabled":true,"settings":{"heading":"Quick links","menu":"footer"}},"61354853-5f80-469e-8859-b2656f120321":{"type":"link_list","disabled":true,"settings":{"heading":"Quick links","menu":"footer"}}},"block_order":["7f8888a0-c33a-407c-a7a4-b16c76cf5425","59a36a52-3fb3-4ad2-b44b-fc555f5f7d02","86421bd8-a313-4bf7-a109-b2ed476a3892","f84cfcb5-0145-4c11-ac10-d9a33a88e5c2","ea148cce-ea93-4530-b8b8-1c929e0d6d3c","61354853-5f80-469e-8859-b2656f120321"],"settings":{"image_width":110,"subtext":"","enable_language_selector":true,"show_language_background":true,"enable_currency_selector":true,"show_currency_background":true,"payment_enable":false,"hide_copyright_content":false,"custom_copyright_content":"© 2023 <a href=\"https:\/\/nhimax.com\" title=\"https:\/\/nhimax.com\">Nhimax<\/a>. All Right Reserved","show_policies":false,"footer_bg":"#e5dccd","footer_heading":"#000000","footer_text":"#767676","footer_text_hover":"#3c3c3c"}},"offer-sidebar":{"type":"offer-sidebar","blocks":{"3c184a8c-b344-4a00-bcc1-815922498300":{"type":"offer","settings":{"heading":"Exclusive 24-Hour Flash Sales","highlight_text":"Up To 70% Off!","image":"shopify:\/\/shop_images\/S4020285ee93d4134be283a4b619fff591.jpg","linktext":"Shop now","link":"shopify:\/\/collections\/all"}},"eefd02b4-3264-40df-b101-73e51cb795f3":{"type":"offer","disabled":true,"settings":{"heading":"Offer Title","highlight_text":"Offer","linktext":"Shop now","link":""}},"366dde59-994b-46db-a2a8-058210008a93":{"type":"offer","disabled":true,"settings":{"heading":"Offer Title","highlight_text":"Offer","linktext":"Shop now","link":""}}},"block_order":["3c184a8c-b344-4a00-bcc1-815922498300","eefd02b4-3264-40df-b101-73e51cb795f3","366dde59-994b-46db-a2a8-058210008a93"],"settings":{"enable_sidebar":true,"heading":"Flash Sales","subheading":"","button_text":"Flash Sales!!!","horizontal_position":"left","vertical_position":5,"btnbgcolor":"#46c0bf","btntextcolor":"#ffffff"}}},"order":["footer","offer-sidebar"]}