{"type":"header","name":"Header Group","sections":{"announcement-bar":{"type":"announcement-bar","blocks":{"fec792eb-1815-4f3f-a124-64bc23d77ae3":{"type":"announcement","settings":{"icon":"smile","first_text":"Make it a cheerful month with these sales because it's Summer Time<marquee><\/marquee>","date":"30\/09\/2023","btn":"","link":""}}},"block_order":["fec792eb-1815-4f3f-a124-64bc23d77ae3"],"settings":{"show_bar":true,"layout":"carousel","show_close":true,"carousel_rotate":false,"carousel_interval":10,"marquee_direction":"left","marquee_speed":35,"enable_language_selector":true,"enable_currency_selector":true,"fontcolor":"#ffffff","bg_style":"solid","bgcolor":"#284771","bgcolor2":"","btn_bgcolor":"#ffffff","btn_fontcolor":"#181818","bborder_color":"#ffffff"}},"header":{"type":"header","settings":{"header_style":"header4","enable_sticky_header":false,"sticky_header_style":"on_scroll_up","enable_transparent_header":true,"logo":"shopify:\/\/shop_images\/Untitled_design__1_-removebg-preview.png","logo_width":140,"logo_position":"center","menu_navigations":"hover","menu":"main-menu","type_font_size":15,"menu_position":"center","enable_catalog":true,"enable_catalog_drawer":true,"view_catalog":"View catalog","catalog_menu":"main-menu","trust_badge_logo":"shopify:\/\/shop_images\/Capture-removebg-preview_1.png","trust_badge_link":"shopify:\/\/policies\/shipping-policy","show_search":true,"account_type":"page","cart_icon":"cart","enable_sticky_cart":false,"icon_weight":"thin","enable_language_selector":true,"enable_currency_selector":true,"header_bgcolor":"#ea9e6f","header_textcolor":"#ffffff","header_textcolor_hover":"#9b9b9b","transparent_text_color":"#000000","hamburger_bgcolor":"#4d473f","hamburger_textcolor":"#ffffff","hamburger_textcolor_hover":"#9b9b9b","mobile_menu_bg_color":"#284771","mobile_menu_text_color":"#ffffff","sub-menu_text_color":"#ffffff","mobile_menu_border_color":"#727272","catalogmenu_bg":"#f7f7f7","catologtext_color":"#000000","catologtext_hover":"#8f826b","catalog_bg":"#284771","catalog_text":"#ffffff","catalog_text_border":"#ededed","searchbar_icon_bg":"#ededed","searchbar_icon_color":"#000000"}}},"order":["announcement-bar","header"]}